<?xml version="1.0" encoding="UTF-8"?>
<classpath>
  <classpathentry kind="src" path="src/test/java" output="target/test-classes" including="**/*.java"/>
  <classpathentry kind="src" path="src/test/resources" output="target/test-classes" excluding="**/*.java"/>
  <classpathentry kind="src" path="src/main/java" including="**/*.java"/>
  <classpathentry kind="src" path="src/main/resources" excluding="**/*.java"/>
  <classpathentry kind="output" path="target/classes"/>
  <classpathentry kind="var" path="M2_REPO/javax/servlet/javax.servlet-api/3.0.1/javax.servlet-api-3.0.1.jar" sourcepath="M2_REPO/javax/servlet/javax.servlet-api/3.0.1/javax.servlet-api-3.0.1-sources.jar"/>
  <classpathentry kind="var" path="M2_REPO/javax/servlet/jsp/jsp-api/2.2/jsp-api-2.2.jar"/>
  <classpathentry kind="var" path="M2_REPO/javax/servlet/jstl/1.2/jstl-1.2.jar"/>
  <classpathentry kind="con" path="org.eclipse.jdt.launching.JRE_CONTAINER/org.eclipse.jdt.internal.debug.ui.launcher.StandardVMType/JavaSE-1.6"/>
  <classpathentry kind="var" path="M2_REPO/org/hibernate/javax/persistence/hibernate-jpa-2.0-api/1.0.1.Final/hibernate-jpa-2.0-api-1.0.1.Final.jar"/>
  <classpathentry kind="var" path="M2_REPO/org/hibernate/hibernate-entitymanager/4.2.4.Final/hibernate-entitymanager-4.2.4.Final.jar"/>
  <classpathentry kind="var" path="M2_REPO/org/jboss/logging/jboss-logging/3.1.0.GA/jboss-logging-3.1.0.GA.jar"/>
  <classpathentry kind="var" path="M2_REPO/dom4j/dom4j/1.6.1/dom4j-1.6.1.jar"/>
  <classpathentry kind="var" path="M2_REPO/org/hibernate/hibernate-core/4.2.4.Final/hibernate-core-4.2.4.Final.jar"/>
  <classpathentry kind="var" path="M2_REPO/antlr/antlr/2.7.7/antlr-2.7.7.jar"/>
  <classpathentry kind="var" path="M2_REPO/org/jboss/spec/javax/transaction/jboss-transaction-api_1.1_spec/1.0.1.Final/jboss-transaction-api_1.1_spec-1.0.1.Final.jar"/>
  <classpathentry kind="var" path="M2_REPO/org/hibernate/common/hibernate-commons-annotations/4.0.2.Final/hibernate-commons-annotations-4.0.2.Final.jar"/>
  <classpathentry kind="var" path="M2_REPO/org/javassist/javassist/3.15.0-GA/javassist-3.15.0-GA.jar"/>
  <classpathentry kind="var" path="M2_REPO/org/springframework/spring-orm/3.1.1.RELEASE/spring-orm-3.1.1.RELEASE.jar"/>
  <classpathentry kind="var" path="M2_REPO/org/springframework/spring-beans/3.1.1.RELEASE/spring-beans-3.1.1.RELEASE.jar"/>
  <classpathentry kind="var" path="M2_REPO/org/springframework/spring-core/3.1.1.RELEASE/spring-core-3.1.1.RELEASE.jar"/>
  <classpathentry kind="var" path="M2_REPO/org/springframework/spring-asm/3.1.1.RELEASE/spring-asm-3.1.1.RELEASE.jar"/>
  <classpathentry kind="var" path="M2_REPO/commons-logging/commons-logging/1.1.1/commons-logging-1.1.1.jar"/>
  <classpathentry kind="var" path="M2_REPO/org/springframework/spring-jdbc/3.2.3.RELEASE/spring-jdbc-3.2.3.RELEASE.jar"/>
  <classpathentry kind="var" path="M2_REPO/org/springframework/spring-tx/3.1.1.RELEASE/spring-tx-3.1.1.RELEASE.jar"/>
  <classpathentry kind="var" path="M2_REPO/aopalliance/aopalliance/1.0/aopalliance-1.0.jar"/>
  <classpathentry kind="var" path="M2_REPO/org/springframework/spring-aop/3.1.1.RELEASE/spring-aop-3.1.1.RELEASE.jar"/>
  <classpathentry kind="var" path="M2_REPO/org/springframework/spring-context/3.1.1.RELEASE/spring-context-3.1.1.RELEASE.jar"/>
  <classpathentry kind="var" path="M2_REPO/org/springframework/spring-expression/3.1.1.RELEASE/spring-expression-3.1.1.RELEASE.jar"/>
  <classpathentry kind="var" path="M2_REPO/org/springframework/spring-webmvc/3.1.1.RELEASE/spring-webmvc-3.1.1.RELEASE.jar" sourcepath="M2_REPO/org/springframework/spring-webmvc/3.1.1.RELEASE/spring-webmvc-3.1.1.RELEASE-sources.jar"/>
  <classpathentry kind="var" path="M2_REPO/org/springframework/spring-context-support/3.1.1.RELEASE/spring-context-support-3.1.1.RELEASE.jar"/>
  <classpathentry kind="var" path="M2_REPO/org/springframework/spring-web/3.1.1.RELEASE/spring-web-3.1.1.RELEASE.jar"/>
  <classpathentry kind="var" path="M2_REPO/org/springframework/security/spring-security-core/3.1.1.RELEASE/spring-security-core-3.1.1.RELEASE.jar"/>
  <classpathentry kind="var" path="M2_REPO/org/springframework/security/spring-security-config/3.1.1.RELEASE/spring-security-config-3.1.1.RELEASE.jar"/>
  <classpathentry kind="var" path="M2_REPO/org/springframework/security/spring-security-taglibs/3.1.1.RELEASE/spring-security-taglibs-3.1.1.RELEASE.jar"/>
  <classpathentry kind="var" path="M2_REPO/org/springframework/security/spring-security-web/3.1.1.RELEASE/spring-security-web-3.1.1.RELEASE.jar"/>
  <classpathentry kind="var" path="M2_REPO/org/springframework/security/spring-security-acl/3.1.1.RELEASE/spring-security-acl-3.1.1.RELEASE.jar"/>
  <classpathentry kind="var" path="M2_REPO/org/springframework/spring-oxm/3.1.1.RELEASE/spring-oxm-3.1.1.RELEASE.jar"/>
  <classpathentry kind="var" path="M2_REPO/commons-lang/commons-lang/2.4/commons-lang-2.4.jar"/>
  <classpathentry kind="var" path="M2_REPO/org/springframework/data/spring-data-jpa/1.2.0.RELEASE/spring-data-jpa-1.2.0.RELEASE.jar"/>
  <classpathentry kind="var" path="M2_REPO/org/springframework/data/spring-data-commons-core/1.4.0.RELEASE/spring-data-commons-core-1.4.0.RELEASE.jar"/>
  <classpathentry kind="var" path="M2_REPO/org/slf4j/slf4j-api/1.7.1/slf4j-api-1.7.1.jar"/>
  <classpathentry kind="var" path="M2_REPO/org/slf4j/jcl-over-slf4j/1.6.1/jcl-over-slf4j-1.6.1.jar"/>
  <classpathentry kind="var" path="M2_REPO/org/aspectj/aspectjrt/1.7.0/aspectjrt-1.7.0.jar"/>
  <classpathentry kind="var" path="M2_REPO/cglib/cglib/2.2/cglib-2.2.jar"/>
  <classpathentry kind="var" path="M2_REPO/asm/asm/3.1/asm-3.1.jar"/>
  <classpathentry kind="var" path="M2_REPO/org/codehaus/jackson/jackson-jaxrs/1.8.2/jackson-jaxrs-1.8.2.jar"/>
  <classpathentry kind="var" path="M2_REPO/org/codehaus/jackson/jackson-core-asl/1.8.2/jackson-core-asl-1.8.2.jar"/>
  <classpathentry kind="var" path="M2_REPO/org/codehaus/jackson/jackson-mapper-asl/1.8.2/jackson-mapper-asl-1.8.2.jar"/>
  <classpathentry kind="var" path="M2_REPO/org/apache/tiles/tiles-api/2.2.2/tiles-api-2.2.2.jar"/>
  <classpathentry kind="var" path="M2_REPO/org/apache/tiles/tiles-core/2.2.2/tiles-core-2.2.2.jar"/>
  <classpathentry kind="var" path="M2_REPO/commons-digester/commons-digester/2.0/commons-digester-2.0.jar"/>
  <classpathentry kind="var" path="M2_REPO/commons-beanutils/commons-beanutils/1.8.0/commons-beanutils-1.8.0.jar"/>
  <classpathentry kind="var" path="M2_REPO/org/apache/tiles/tiles-jsp/2.2.2/tiles-jsp-2.2.2.jar"/>
  <classpathentry kind="var" path="M2_REPO/org/apache/tiles/tiles-servlet/2.2.2/tiles-servlet-2.2.2.jar"/>
  <classpathentry kind="var" path="M2_REPO/org/apache/tiles/tiles-template/2.2.2/tiles-template-2.2.2.jar"/>
  <classpathentry kind="var" path="M2_REPO/com/google/guava/guava/10.0.1/guava-10.0.1.jar"/>
  <classpathentry kind="var" path="M2_REPO/com/google/code/findbugs/jsr305/1.3.9/jsr305-1.3.9.jar"/>
  <classpathentry kind="var" path="M2_REPO/log4j/log4j/1.2.16/log4j-1.2.16.jar"/>
</classpath>