<?xml version="1.0" encoding="UTF-8"?>
<projectDescription>
	<name>uaiContacts</name>
	<comment>NO_M2ECLIPSE_SUPPORT: Project files created with the maven-eclipse-plugin are not supported in M2Eclipse.</comment>
	<projects>
	</projects>
	<buildSpec>
		<buildCommand>
			<name>tern.eclipse.ide.core.ternBuilder</name>
			<arguments>
			</arguments>
		</buildCommand>
		<buildCommand>
			<name>org.eclipse.wst.jsdt.core.javascriptValidator</name>
			<arguments>
			</arguments>
		</buildCommand>
		<buildCommand>
			<name>org.eclipse.jdt.core.javabuilder</name>
			<arguments>
			</arguments>
		</buildCommand>
		<buildCommand>
			<name>org.eclipse.wst.common.project.facet.core.builder</name>
			<arguments>
			</arguments>
		</buildCommand>
		<buildCommand>
			<name>org.eclipse.wst.validation.validationbuilder</name>
			<arguments>
			</arguments>
		</buildCommand>
		<buildCommand>
			<name>org.hibernate.eclipse.console.hibernateBuilder</name>
			<arguments>
			</arguments>
		</buildCommand>
		<buildCommand>
			<name>org.eclipse.m2e.core.maven2Builder</name>
			<arguments>
			</arguments>
		</buildCommand>
	</buildSpec>
	<natures>
		<nature>org.eclipse.jem.workbench.JavaEMFNature</nature>
		<nature>org.eclipse.wst.common.modulecore.ModuleCoreNature</nature>
		<nature>org.sonar.ide.eclipse.core.sonarNature</nature>
		<nature>org.eclipse.jdt.core.javanature</nature>
		<nature>org.eclipse.m2e.core.maven2Nature</nature>
		<nature>org.eclipse.wst.common.project.facet.core.nature</nature>
		<nature>org.eclipse.wst.jsdt.core.jsNature</nature>
		<nature>org.hibernate.eclipse.console.hibernateNature</nature>
	</natures>
</projectDescription>
